Address,City,Country
New Cut Road,Kent, United Kingdom
Carnival Business Park,Basildon, United Kingdom
10 New Road,Rayne, United Kingdom
227 Marsh Wall,Greater London, United Kingdom
3 King George Close,Greater London, United Kingdom
14 Lanrick Road (Unit 1 and 2),Greater London, United Kingdom
14 Coriander Avenue,Greater London, United Kingdom
20 Cranes Farm Road,Basildon, United Kingdom
30 Carrer de l'Acer,Barcelona, Spain
Anchor and Hope Lane,Greater London, United Kingdom
3 Nutmeg Lane (Level 6),Greater London, United Kingdom
78 Broadway,Greater London, United Kingdom
Marshborough Road,Kent, United Kingdom
14 Coriander Avenue,Greater London, United Kingdom
